{"groupcity_data":[{"id":"160","cityname":""},{"id":"1508","cityname":"A12 Air quality-based speed limit "},{"id":"1705","cityname":""},{"id":"1410","cityname":"Valletta"},{"id":"1396","cityname":"Salzburg"},{"id":"200","cityname":""},{"id":"250","cityname":""},{"id":"470","cityname":""},{"id":"450","cityname":" "},{"id":"835","cityname":""},{"id":"836","cityname":""},{"id":"841","cityname":""},{"id":"832","cityname":""},{"id":"400","cityname":""},{"id":"1524","cityname":"Marseille - Emergency Scheme"},{"id":"320","cityname":""},{"id":"300","cityname":""},{"id":"1512","cityname":"A12 Sectoral driving ban "},{"id":"1511","cityname":"A12 Night time speed limit"},{"id":"700","cityname":""},{"id":"500","cityname":""},{"id":"570","cityname":""},{"id":"1238","cityname":"Pergine Valsugana"},{"id":"582","cityname":"Levico Terme"},{"id":"586","cityname":""},{"id":"1271","cityname":"Bari"},{"id":"1272","cityname":"Bariano"},{"id":"1393","cityname":null},{"id":"780","cityname":"Den Bosch"},{"id":"1473","cityname":""},{"id":"1262","cityname":"Agrigento"},{"id":"1261","cityname":"Poppi"},{"id":"1250","cityname":"Cervia"},{"id":"816","cityname":"Norway - CS"},{"id":"820","cityname":"Sweden - CS"},{"id":"924","cityname":""},{"id":"848","cityname":"Palermo - AR"},{"id":"911","cityname":"Brno"},{"id":"912","cityname":"Bucuresti (Bucharest)"},{"id":"913","cityname":"Dublin"},{"id":"920","cityname":"Sofia"},{"id":"1256","cityname":"Maiori"},{"id":"1255","cityname":"Genova"},{"id":"1251","cityname":"Chieti"},{"id":"1252","cityname":"Citta di Arona"},{"id":"1165","cityname":"Sulmona"},{"id":"1166","cityname":"Teramo"},{"id":"1167","cityname":"Atrani"},{"id":"1257","cityname":"Nola"},{"id":"1159","cityname":"Durham"},{"id":"1510","cityname":"A12 Night driving ban "},{"id":"1509","cityname":"A12 Ban on overtaking"},{"id":"1243","cityname":"Ameglia"},{"id":"1174","cityname":"Paestum"},{"id":"1175","cityname":"Pozzuoli"},{"id":"1176","cityname":"Salerno"},{"id":"1253","cityname":"Forio"},{"id":"1178","cityname":"Santarcangelo di Romagna"},{"id":"1184","cityname":"Rieti"},{"id":"1185","cityname":"Tivoli "},{"id":"1345","cityname":"Pesaro"},{"id":"1279","cityname":"Campo nell'Elba"},{"id":"1346","cityname":"Pescara"},{"id":"1254","cityname":"Gaeta"},{"id":"1244","cityname":"Ariccia"},{"id":"1245","cityname":"Borghetto Santo Spirito"},{"id":"1205","cityname":"Piglio"},{"id":"1206","cityname":"Rieti"},{"id":"1207","cityname":"Tivoli"},{"id":"1208","cityname":"Lerici"},{"id":"1209","cityname":"Mediglia"},{"id":"1246","cityname":"Bracciano"},{"id":"1247","cityname":"Caiazzo"},{"id":"1248","cityname":"Caserta"},{"id":"1249","cityname":"Cava dei Tirreni"},{"id":"1265","cityname":"Altamura"},{"id":"1266","cityname":"Altopascio"},{"id":"1215","cityname":"Taormina"},{"id":"1263","cityname":"Albino"},{"id":"1264","cityname":"Alghero"},{"id":"1276","cityname":"Bitonto"},{"id":"1277","cityname":"Busto Arsizio"},{"id":"1278","cityname":"Cagliari"},{"id":"1268","cityname":"Arona"},{"id":"1269","cityname":"Asolo"},{"id":"1270","cityname":"Bardonecchia"},{"id":"1267","cityname":"Arezzo"},{"id":"1273","cityname":"Barletta"},{"id":"1274","cityname":"Bassano del Grappa"},{"id":"1275","cityname":"Bellagio "},{"id":"1280","cityname":"Capoliveri"},{"id":"1281","cityname":"Cariati"},{"id":"1282","cityname":"Casciana Terme"},{"id":"1283","cityname":"Cascina"},{"id":"1284","cityname":"Casole val d'Elsa"},{"id":"1285","cityname":"Castiglion della Pescaia"},{"id":"1286","cityname":"Castiglione Fiorentino "},{"id":"1287","cityname":"Catania"},{"id":"1288","cityname":"Cecina"},{"id":"1289","cityname":"Celano"},{"id":"1290","cityname":"Cernusco sul Naviglio"},{"id":"1291","cityname":"Colle val d'Elsa"},{"id":"1292","cityname":"Concorezzo"},{"id":"1293","cityname":"Conegliano"},{"id":"1294","cityname":"Conversano"},{"id":"1295","cityname":"Corato"},{"id":"1296","cityname":"Corsico"},{"id":"1297","cityname":"Cortona"},{"id":"1298","cityname":"Curtatone"},{"id":"1299","cityname":"Fiano Romano"},{"id":"1301","cityname":"Foggia"},{"id":"1302","cityname":"Foiano della Chiana"},{"id":"1303","cityname":"Forte dei Marmi"},{"id":"1304","cityname":"Gallarate"},{"id":"1305","cityname":"Galliate"},{"id":"1306","cityname":"Gallipoli"},{"id":"1307","cityname":"Giovinazzo"},{"id":"1308","cityname":"Grosseto"},{"id":"1309","cityname":"Jesi "},{"id":"1310","cityname":"La Spezia"},{"id":"1311","cityname":"Lanciano"},{"id":"1312","cityname":"Lari"},{"id":"1313","cityname":"Lazise"},{"id":"1314","cityname":"Lecce"},{"id":"1315","cityname":"Levanto"},{"id":"1316","cityname":"Livorno"},{"id":"1317","cityname":"Lovere"},{"id":"1318","cityname":"Lucera"},{"id":"1319","cityname":"Lucignano"},{"id":"1320","cityname":"Macerata"},{"id":"1321","cityname":"Malgrate"},{"id":"1322","cityname":"Manfredonia"},{"id":"1323","cityname":"Marostica"},{"id":"1324","cityname":"Marsala"},{"id":"1326","cityname":"Mede"},{"id":"1327","cityname":"Melegnano"},{"id":"1328","cityname":"Melfi"},{"id":"1329","cityname":"Melzo"},{"id":"1330","cityname":"Mestre"},{"id":"1331","cityname":"Mirano"},{"id":"1332","cityname":"Moena"},{"id":"1333","cityname":"Montafalcone"},{"id":"1334","cityname":"Montagnana"},{"id":"1335","cityname":"Monte Argentario"},{"id":"1336","cityname":"Montecatini Terme"},{"id":"1337","cityname":"Monza"},{"id":"1338","cityname":"Numana "},{"id":"1339","cityname":"Nuoro"},{"id":"1340","cityname":"Oggiono"},{"id":"1341","cityname":"Orta San Giulio"},{"id":"1342","cityname":"Orvieto"},{"id":"1343","cityname":"Padova"},{"id":"1344","cityname":"Paullo"},{"id":"1347","cityname":"Peschiera Borromeo"},{"id":"1348","cityname":"Pioltello"},{"id":"1349","cityname":"Piombino"},{"id":"1350","cityname":"Piove di Sacco"},{"id":"1351","cityname":"Pistoia"},{"id":"1352","cityname":"Portoferraio"},{"id":"1353","cityname":"Portogruaro"},{"id":"1354","cityname":"Potenza"},{"id":"1355","cityname":"Ragusa"},{"id":"1356","cityname":"Ravenna"},{"id":"1357","cityname":"Reggio Calabria"},{"id":"1358","cityname":"Rho"},{"id":"1359","cityname":"Rovereto"},{"id":"1360","cityname":"Rovigo"},{"id":"1361","cityname":"San Giovanni Valdarno"},{"id":"1362","cityname":"San Severo"},{"id":"1363","cityname":"Saronno"},{"id":"1364","cityname":"Sarzana"},{"id":"1365","cityname":"Sauze d'Oulx"},{"id":"1366","cityname":"Selvazzano"},{"id":"1367","cityname":"Senigallia"},{"id":"1368","cityname":"Seregno"},{"id":"1369","cityname":"Sesto Calende"},{"id":"1370","cityname":"Sestri Levante"},{"id":"1371","cityname":"Siena"},{"id":"1372","cityname":"Siracusa"},{"id":"1373","cityname":"Sondrio"},{"id":"1374","cityname":"Spino d'Adda"},{"id":"1375","cityname":"Spoleto"},{"id":"1376","cityname":"Spotorno"},{"id":"1377","cityname":"Terlizzi "},{"id":"1378","cityname":"Termoli"},{"id":"1380","cityname":"Todi"},{"id":"1381","cityname":"Treviglio"},{"id":"1382","cityname":"Tropea"},{"id":"1383","cityname":"Urbino"},{"id":"1384","cityname":"Valeggio sul Mincio"},{"id":"1385","cityname":"Vicenza"},{"id":"1386","cityname":"Vizzolo Predabissi"},{"id":"1387","cityname":"Volterra"},{"id":"1391","cityname":"'s-Hertogenbosch"},{"id":"1407","cityname":"Ljubljana"},{"id":"1409","cityname":"Matera"},{"id":"1416","cityname":"Car-free towns in Switzerland"},{"id":"1440","cityname":"Gela"},{"id":"1438","cityname":"Nard\u00f2"},{"id":"1439","cityname":"Ventimiglia"},{"id":"1441","cityname":"Ancona"},{"id":"1442","cityname":"Imperia"},{"id":"1443","cityname":"Leonforte"},{"id":"1444","cityname":"Monopoli"},{"id":"1445","cityname":"Grado"},{"id":"1446","cityname":"Massa"},{"id":"1447","cityname":"Punta Secca"},{"id":"1448","cityname":"Legnano"},{"id":"1449","cityname":"Frascati"},{"id":"1451","cityname":"Castellaneta"},{"id":"1456","cityname":"Studded tires in Norway"},{"id":"1472","cityname":"Rovereto"},{"id":"1475","cityname":""},{"id":"1487","cityname":""},{"id":"1519","cityname":"Emilia Romagna, Lombardia, Piemonte and Veneto - Emergency Scheme"},{"id":"1539","cityname":"Studded tyres in Sweden"},{"id":"1552","cityname":"French emergency schemes"},{"id":"1570","cityname":""},{"id":"1571","cityname":"Marseille"},{"id":"1572","cityname":"Clermont"},{"id":"1574","cityname":"Montpellier"},{"id":"1676","cityname":""},{"id":"1698","cityname":"Bristol"},{"id":"1700","cityname":"Emilia Romagna, Lombardia, Piemonte and Veneto - Emergency Scheme"}]}